Floor,Location index,AVE (dBm),MED (dBm),Center Freq(MHz),Counts (/100),AP_name
3,a,-62.71111111,-62,2437,45,AP-C-2F-01
3,a,-76,-76,2437,7,AP-C-2F-02
3,a,-36.45,-36,2437,100,AP-C-3F-02
3,a,-61.61,-63,2437,100,AP-C-3F-03
3,a,-61.62365591,-62,2437,93,AP-C-3F-04
3,a,-57.45,-58,2437,100,AP-C-4F-02
3,a,-77.33333333,-76,2437,21,AP-C-4F-03
3,a,-86,-86,2437,55,AP-C-4F-04
3,a,-79,-79,2437,55,AP-C-5F-02
3,a,-79,-79,2437,55,AP-C-5F-03
3,a,-79,-79,2437,10,AP-C1-2F-01
3,a,-60.21,-60,2437,100,AP-C1-3F-01
3,a,-87.7311828,-88,5180,93,AP-C-2F-01
3,a,-58.11,-58,5180,100,AP-C-3F-02
3,a,-68.01,-68,5180,100,AP-C-3F-03
3,a,-77.01449275,-76,5180,69,AP-C-3F-04
3,a,-75.33333333,-75,5180,21,AP-C-4F-02
3,a,-87.86666667,-88,5180,45,AP-C-4F-03
3,a,-66.83544304,-67,5180,79,AP-C1-3F-01
3,aa,-77.54166667,-78,2437,24,AP-C-3F-01
3,aa,-73.19354839,-73,2437,31,AP-C2-1F-01
3,aa,-81.46666667,-82,2437,30,AP-C2-1F-02
3,aa,-56.56989247,-56,2437,93,AP-C2-2F-01
3,aa,-64.17,-64,2437,100,AP-C2-2F-02
3,aa,-55.55913978,-56,2437,93,AP-C2-3F-01
3,aa,-59.63,-60,2437,100,AP-C2-3F-02
3,aa,-57.58139535,-57,2437,86,AP-C2-3F-03
3,aa,-55.21,-55,2437,100,AP-C2-4F-01
3,aa,-73.95698925,-74,2437,93,AP-C2-4F-02
3,aa,-81.66666667,-81.5,2437,42,AP-C2-4F-03
3,aa,-73,-73,2437,35,AP-C2-5F-01
3,aa,-79.16216216,-79,2437,37,AP-C2-5F-02
3,aa,-83.53846154,-84,2437,13,AP-C2-6F-01
3,aa,-82,-82,2437,7,AP-C3-3F-03
3,aa,-67.7,-67,5180,100,AP-C2-2F-01
3,aa,-88.625,-88.5,5180,56,AP-C2-2F-02
3,aa,-63.05,-63,5180,100,AP-C2-3F-01
3,aa,-70.34,-71,5180,100,AP-C2-3F-02
3,aa,-70.3,-70,5180,100,AP-C2-3F-03
3,aa,-77.4,-78,5180,10,AP-C2-4F-01
3,ab,-77.5,-77.5,2437,14,AP-C-3F-01
3,ab,-61.40697674,-61,2437,86,AP-C2-1F-01
3,ab,-81,-81,2437,7,AP-C2-1F-02
3,ab,-86,-86,2437,7,AP-C2-1F-03
3,ab,-59.4516129,-60,2437,93,AP-C2-2F-01
3,ab,-67.33333333,-67,2437,84,AP-C2-2F-02
3,ab,-78.76666667,-79,2437,30,AP-C2-2F-03
3,ab,-52.28,-53,2437,100,AP-C2-3F-01
3,ab,-51.4,-50,2437,100,AP-C2-3F-02
3,ab,-64.72307692,-66,2437,65,AP-C2-3F-03
3,ab,-57.93,-58,2437,100,AP-C2-4F-01
3,ab,-63.80645161,-63,2437,93,AP-C2-4F-02
3,ab,-73.44827586,-72,2437,58,AP-C2-4F-03
3,ab,-72.64864865,-74,2437,37,AP-C2-5F-01
3,ab,-80.75675676,-81,2437,37,AP-C2-5F-02
3,ab,-86,-86,2437,7,AP-C2-5F-03
3,ab,-81.4,-82,2437,35,AP-C3-3F-03
3,ab,-78.98611111,-80,5180,72,AP-C2-2F-01
3,ab,-87.43037975,-87,5180,79,AP-C2-2F-02
3,ab,-68.56962025,-68,5180,79,AP-C2-3F-01
3,ac,-80.83333333,-81,2437,42,AP-C-3F-01
3,ac,-71.23076923,-72,2437,65,AP-C2-1F-01
3,ac,-82,-82,2437,7,AP-C2-1F-02
3,ac,-61.11,-61,2437,100,AP-C2-2F-01
3,ac,-62.38,-63,2437,100,AP-C2-2F-02
3,ac,-72.8,-72,2437,35,AP-C2-2F-03
3,ac,-63.60465116,-64,2437,86,AP-C2-3F-01
3,ac,-50.37,-50,2437,100,AP-C2-3F-02
3,ac,-63.34,-63,2437,100,AP-C2-3F-03
3,ac,-60.34408602,-60,2437,93,AP-C2-4F-01
3,ac,-75.66666667,-76.5,2437,84,AP-C2-4F-02
3,ac,-70.44444444,-70,2437,63,AP-C2-4F-03
3,ac,-81.8,-84,2437,35,AP-C2-5F-01
3,ac,-64.71428571,-65,2437,49,AP-C2-5F-02
3,ac,-84,-83,2437,21,AP-C2-5F-03
3,ac,-86,-86,2437,7,AP-C2-6F-01
3,ac,-84.33333333,-84,2437,21,AP-C2-6F-02
3,ac,-81,-81,2437,14,AP-C3-3F-03
3,ac,-92,-92,5180,7,AP-C2-1F-01
3,ac,-82.86075949,-83,5180,79,AP-C2-2F-01
3,ac,-81,-81,5180,15,AP-C2-2F-02
3,ad,-77,-77,2437,14,AP-C-3F-01
3,ad,-84,-84,2437,14,AP-C2-1F-01
3,ad,-83.875,-83,2437,16,AP-C2-1F-02
3,ad,-75.83544304,-76,2437,79,AP-C2-2F-01
3,ad,-56.68,-57,2437,100,AP-C2-2F-02
3,ad,-81.85714286,-81,2437,49,AP-C2-2F-03
3,ad,-62.84810127,-64,2437,79,AP-C2-3F-01
3,ad,-45.42,-45,2437,100,AP-C2-3F-02
3,ad,-63.06,-63,2437,100,AP-C2-3F-03
3,ad,-62.24731183,-62,2437,93,AP-C2-4F-01
3,ad,-63.50537634,-64,2437,93,AP-C2-4F-02
3,ad,-69.97468354,-70,2437,79,AP-C2-4F-03
3,ad,-71.97727273,-72,2437,44,AP-C2-5F-01
3,ad,-75.04615385,-75,2437,65,AP-C2-5F-02
3,ad,-86.41176471,-86,2437,51,AP-C2-5F-03
3,ad,-78.9,-80,2437,30,AP-C3-3F-03
3,ad,-87.54545455,-88,5180,77,AP-C2-2F-01
3,ad,-79.5,-78,5180,86,AP-C2-2F-02
3,ad,-90.5,-90.5,5180,14,AP-C2-2F-03
3,ad,-76.65,-77,5180,20,AP-C2-3F-01
3,ae,-77.5,-77.5,2437,14,AP-C-3F-01
3,ae,-77.2173913,-77,2437,23,AP-C2-1F-01
3,ae,-69.46666667,-69,2437,30,AP-C2-1F-02
3,ae,-86,-86,2437,7,AP-C2-1F-03
3,ae,-74.66666667,-75.5,2437,42,AP-C2-2F-01
3,ae,-56.43010753,-56,2437,93,AP-C2-2F-02
3,ae,-75.2,-75,2437,35,AP-C2-2F-03
3,ae,-63.27956989,-63,2437,93,AP-C2-3F-01
3,ae,-41.67,-42,2437,100,AP-C2-3F-02
3,ae,-57.72,-58,2437,100,AP-C2-3F-03
3,ae,-60.68,-61,2437,100,AP-C2-4F-01
3,ae,-60.14,-60,2437,100,AP-C2-4F-02
3,ae,-66.66666667,-66,2437,93,AP-C2-4F-03
3,ae,-79.8,-79,2437,35,AP-C2-5F-01
3,ae,-70.5,-70,2437,56,AP-C2-5F-02
3,ae,-83.43333333,-84,2437,30,AP-C2-5F-03
3,ae,-88,-88,2437,7,AP-C2-6F-02
3,ae,-84.34782609,-84,2437,23,AP-C3-3F-03
3,ae,-72.1,-73,5180,100,AP-C2-2F-02
3,ae,-90.66666667,-91,5180,21,AP-C2-2F-03
3,ae,-77.84313725,-78,5180,51,AP-C2-3F-01
3,af,-77.59090909,-78,2437,22,AP-C-3F-01
3,af,-86,-86,2437,7,AP-C2-1F-01
3,af,-82.54385965,-84,2437,57,AP-C2-1F-02
3,af,-85.96551724,-85,2437,29,AP-C2-1F-03
3,af,-72.88888889,-73,2437,72,AP-C2-2F-01
3,af,-62.83,-62,2437,100,AP-C2-2F-02
3,af,-70.28,-71,2437,50,AP-C2-2F-03
3,af,-75.24324324,-75,2437,37,AP-C2-3F-01
3,af,-39.09,-37,2437,100,AP-C2-3F-02
3,af,-59.01010101,-59,2437,99,AP-C2-3F-03
3,af,-62.20430108,-62,2437,93,AP-C2-4F-01
3,af,-64.33,-64,2437,100,AP-C2-4F-02
3,af,-65.47311828,-65,2437,93,AP-C2-4F-03
3,af,-84.5,-85,2437,42,AP-C2-5F-01
3,af,-77.27777778,-77,2437,36,AP-C2-5F-02
3,af,-81.22222222,-81,2437,63,AP-C2-5F-03
3,af,-87.68181818,-88,2437,22,AP-C2-6F-02
3,af,-86.75,-87,2437,8,AP-C3-2F-03
3,af,-85.18,-86,2437,50,AP-C3-3F-01
3,af,-84.72,-85,2437,25,AP-C3-3F-03
3,ag,-80.13636364,-79,2437,44,AP-C2-1F-02
3,ag,-82,-82,2437,14,AP-C2-1F-03
3,ag,-80,-81,2437,28,AP-C2-2F-01
3,ag,-59.44,-60,2437,100,AP-C2-2F-02
3,ag,-69.17721519,-69,2437,79,AP-C2-2F-03
3,ag,-68.41666667,-68,2437,84,AP-C2-3F-01
3,ag,-40.14,-38,2437,100,AP-C2-3F-02
3,ag,-66.16,-65,2437,100,AP-C2-3F-03
3,ag,-73.63636364,-74,2437,77,AP-C2-4F-01
3,ag,-59.51,-59,2437,100,AP-C2-4F-02
3,ag,-62.83870968,-63,2437,93,AP-C2-4F-03
3,ag,-76.33333333,-76,2437,21,AP-C2-5F-02
3,ag,-75.22727273,-75,2437,44,AP-C2-5F-03
3,ag,-86,-86,2437,7,AP-C2-6F-03
3,ag,-86.66666667,-87,2437,21,AP-C3-3F-01
3,ag,-84.5,-84.5,2437,14,AP-C3-3F-03
3,ag,-76.29113924,-76,5180,79,AP-C2-2F-02
3,ag,-90,-90,5180,7,AP-C2-2F-03
3,ag,-76.625,-76.5,5180,56,AP-C2-3F-01
3,ag,-57.44,-57,5180,100,AP-C2-3F-02
3,ag,-67.75531915,-69,5180,94,AP-C2-3F-03
3,ah,-84,-84,2437,21,AP-C2-1F-02
3,ah,-79.28571429,-80,2437,49,AP-C2-1F-03
3,ah,-77.375,-78,2437,56,AP-C2-2F-01
3,ah,-64.03,-64,2437,100,AP-C2-2F-02
3,ah,-62.64285714,-63,2437,98,AP-C2-2F-03
3,ah,-75,-77,2437,21,AP-C2-3F-01
3,ah,-42.33,-41,2437,100,AP-C2-3F-02
3,ah,-60.47,-60,2437,100,AP-C2-3F-03
3,ah,-81,-81.5,2437,42,AP-C2-4F-01
3,ah,-63.94623656,-64,2437,93,AP-C2-4F-02
3,ah,-63.5483871,-64,2437,93,AP-C2-4F-03
3,ah,-81,-82,2437,49,AP-C2-5F-02
3,ah,-70.40909091,-71,2437,44,AP-C2-5F-03
3,ah,-87.375,-87,2437,16,AP-C3-3F-01
3,ah,-83.8,-83,2437,35,AP-C3-3F-03
3,ah,-82.22222222,-83,5180,72,AP-C2-2F-02
3,ah,-85.22222222,-85,5180,63,AP-C2-2F-03
3,ah,-82.77777778,-83,5180,63,AP-C2-3F-01
3,ah,-64.21,-65,5180,100,AP-C2-3F-02
3,ah,-63.6,-64,5180,35,AP-C2-3F-03
3,ai,-79,-79,2437,7,AP-C-3F-01
3,ai,-77.77777778,-77,2437,63,AP-C2-1F-02
3,ai,-77.75,-78,2437,28,AP-C2-1F-03
3,ai,-80,-80,2437,14,AP-C2-2F-01
3,ai,-68.30107527,-68,2437,93,AP-C2-2F-02
3,ai,-73.75,-74.5,2437,84,AP-C2-2F-03
3,ai,-77.83333333,-77.5,2437,42,AP-C2-3F-01
3,ai,-56.57,-57,2437,100,AP-C2-3F-02
3,ai,-53.1,-54,2437,100,AP-C2-3F-03
3,ai,-75.4,-76,2437,35,AP-C2-4F-01
3,ai,-61.44,-61,2437,100,AP-C2-4F-02
3,ai,-57.87,-57,2437,100,AP-C2-4F-03
3,ai,-79.51724138,-80,2437,58,AP-C2-5F-02
3,ai,-76.6,-77,2437,35,AP-C2-5F-03
3,ai,-86.25,-86.5,2437,28,AP-C2-6F-02
3,ai,-86.75,-86.5,2437,28,AP-C2-6F-03
3,ai,-86,-86,2437,7,AP-C3-2F-03
3,ai,-85.66666667,-86,2437,21,AP-C3-3F-01
3,ai,-78.18461538,-78,2437,65,AP-C3-3F-03
3,ai,-91,-91,5180,2,AP-C1-3F-03
3,ai,-82.16455696,-82,5180,79,AP-C2-2F-02
3,ai,-88.16666667,-87,5180,84,AP-C2-2F-03
3,ai,-80.38461538,-81,5180,65,AP-C2-3F-01
3,ai,-64.6,-65,5180,100,AP-C2-3F-02
3,ai,-61,-61,5180,4,AP-C2-3F-03
3,aj,-82.33333333,-83,2437,9,AP-C-3F-01
3,aj,-86.33333333,-86,2437,21,AP-C2-1F-02
3,aj,-71.75,-72,2437,44,AP-C2-1F-03
3,aj,-75.83333333,-75,2437,42,AP-C2-2F-02
3,aj,-63.96774194,-64,2437,93,AP-C2-2F-03
3,aj,-74.62790698,-75,2437,86,AP-C2-3F-01
3,aj,-56.56,-57,2437,100,AP-C2-3F-02
3,aj,-48.69,-48,2437,100,AP-C2-3F-03
3,aj,-78.90277778,-79,2437,72,AP-C2-4F-01
3,aj,-65.91,-65,2437,100,AP-C2-4F-02
3,aj,-53.56,-54,2437,100,AP-C2-4F-03
3,aj,-76.25,-77.5,2437,28,AP-C2-5F-02
3,aj,-70.08139535,-70,2437,86,AP-C2-5F-03
3,aj,-81.5,-81.5,2437,14,AP-C2-6F-03
3,aj,-81.16666667,-81.5,2437,42,AP-C3-3F-03
3,aj,-90.27272727,-90,5180,44,AP-C2-2F-02
3,aj,-81.35384615,-81,5180,65,AP-C2-2F-03
3,aj,-85,-85,5180,63,AP-C2-3F-01
3,aj,-72.22093023,-72,5180,86,AP-C2-3F-02
3,aj,-66.53,-67,5180,100,AP-C2-3F-03
3,aj,-86.45833333,-86,5180,72,AP-C2-4F-02
3,aj,-81.42,-82,5180,50,AP-C2-4F-03
3,ak,-83.08108108,-84,2437,37,AP-C-3F-01
3,ak,-75,-75,2437,35,AP-C2-1F-03
3,ak,-81.31914894,-81,2437,47,AP-C2-2F-02
3,ak,-62.94623656,-63,2437,93,AP-C2-2F-03
3,ak,-75.3655914,-76,2437,93,AP-C2-3F-01
3,ak,-63.87,-64,2437,100,AP-C2-3F-02
3,ak,-46.25,-46,2437,100,AP-C2-3F-03
3,ak,-92,-92,2437,7,AP-C2-4F-01
3,ak,-71.53,-72,2437,100,AP-C2-4F-02
3,ak,-52.92,-53,2437,100,AP-C2-4F-03
3,ak,-82.75,-83,2437,28,AP-C2-5F-02
3,ak,-69.98837209,-69,2437,86,AP-C2-5F-03
3,ak,-81.83783784,-82,2437,37,AP-C3-2F-03
3,ak,-68.76666667,-69,2437,60,AP-C3-3F-03
3,ak,-77.37078652,-78,5180,89,AP-C2-2F-03
3,ak,-86.81538462,-87,5180,65,AP-C2-3F-01
3,ak,-74.57303371,-74,5180,89,AP-C2-3F-02
3,ak,-60.64,-60,5180,100,AP-C2-3F-03
3,ak,-89.5625,-90,5180,16,AP-C2-4F-02
3,al,-80.5,-80.5,2437,42,AP-C2-1F-03
3,al,-80.75,-80.5,2437,28,AP-C2-2F-02
3,al,-49.81,-51,2437,100,AP-C2-2F-03
3,al,-75.12307692,-74,2437,65,AP-C2-3F-01
3,al,-62.32,-62,2437,100,AP-C2-3F-02
3,al,-39.82,-39,2437,100,AP-C2-3F-03
3,al,-85.25,-86.5,2437,28,AP-C2-4F-01
3,al,-78.66666667,-78,2437,63,AP-C2-4F-02
3,al,-63.31,-63,2437,100,AP-C2-4F-03
3,al,-73.51388889,-74,2437,72,AP-C2-5F-03
3,al,-85,-84,2437,35,AP-C3-3F-01
3,al,-82.33333333,-83,2437,21,AP-C3-3F-02
3,al,-66.72307692,-66,2437,65,AP-C3-3F-03
3,al,-91.625,-91,5180,56,AP-C2-1F-03
3,al,-70.59,-71,5180,100,AP-C2-2F-03
3,al,-84.33333333,-85,5180,42,AP-C2-3F-01
3,al,-73.37634409,-73,5180,93,AP-C2-3F-02
3,al,-54,-54,5180,100,AP-C2-3F-03
3,al,-79.27956989,-80,5180,93,AP-C2-4F-03
3,al,-87.48101266,-87,5180,79,AP-C3-3F-01
3,al,-91.33333333,-91,5180,42,AP-C3-3F-02
3,al,-84,-84,5180,2,AP-C3-3F-03
3,am,-84,-84,2437,7,AP-C-3F-01
3,am,-72.67692308,-73,2437,65,AP-C2-1F-03
3,am,-82.33333333,-82,2437,30,AP-C2-2F-02
3,am,-57.14,-57,2437,100,AP-C2-2F-03
3,am,-74.21538462,-74,2437,65,AP-C2-3F-01
3,am,-64.98924731,-64,2437,93,AP-C2-3F-02
3,am,-41.12,-41,2437,100,AP-C2-3F-03
3,am,-85.33333333,-85,2437,21,AP-C2-4F-01
3,am,-78.68055556,-79,2437,72,AP-C2-4F-02
3,am,-59.44,-60,2437,100,AP-C2-4F-03
3,am,-81.04545455,-81,2437,44,AP-C2-5F-02
3,am,-80.75,-81,2437,28,AP-C2-5F-03
3,am,-87,-87,2437,28,AP-C2-6F-03
3,am,-80,-80,2437,56,AP-C3-2F-03
3,am,-86,-86,2437,7,AP-C3-3F-01
3,am,-82,-82,2437,7,AP-C3-3F-02
3,am,-76.35294118,-76,2437,51,AP-C3-3F-03
3,am,-76.77419355,-77,5180,93,AP-C2-2F-03
3,am,-83.4,-83.5,5180,70,AP-C2-3F-02
3,am,-52.4,-52,5180,100,AP-C2-3F-03
3,am,-76.18181818,-76,5180,77,AP-C2-4F-03
3,am,-87.22222222,-88,5180,63,AP-C3-3F-02
3,am,-86,-86,5180,14,AP-C3-3F-03
3,an,-84.4,-83,2437,35,AP-C-3F-01
3,an,-75.85714286,-76,2437,49,AP-C2-1F-03
3,an,-87,-87,2437,7,AP-C2-2F-01
3,an,-83.05405405,-83,2437,37,AP-C2-2F-02
3,an,-61.65591398,-62,2437,93,AP-C2-2F-03
3,an,-73.27272727,-73,2437,77,AP-C2-3F-01
3,an,-70.03488372,-70,2437,86,AP-C2-3F-02
3,an,-38.65,-39,2437,100,AP-C2-3F-03
3,an,-82.8,-82,2437,35,AP-C2-4F-01
3,an,-77,-76,2437,84,AP-C2-4F-02
3,an,-64.6344086,-65,2437,93,AP-C2-4F-03
3,an,-81.5,-82,2437,28,AP-C2-5F-03
3,an,-82.11111111,-82,2437,63,AP-C3-2F-03
3,an,-78.14285714,-78,2437,49,AP-C3-3F-01
3,an,-79,-78.5,2437,42,AP-C3-3F-02
3,an,-71.81818182,-72,2437,77,AP-C3-3F-03
3,an,-76.69767442,-77,5180,86,AP-C2-2F-03
3,an,-82.93846154,-83,5180,65,AP-C2-3F-02
3,an,-57.09,-57,5180,100,AP-C2-3F-03
3,an,-90,-90,5180,7,AP-C2-4F-02
3,an,-84.51111111,-85,5180,45,AP-C2-4F-03
3,ao,-77.81081081,-78,2437,37,AP-C-3F-01
3,ao,-86,-86,2437,7,AP-C2-1F-03
3,ao,-83,-83,2437,7,AP-C2-2F-02
3,ao,-63.49,-63,2437,100,AP-C2-2F-03
3,ao,-78.5,-78.5,2437,14,AP-C2-3F-01
3,ao,-66.65,-67,2437,100,AP-C2-3F-02
3,ao,-48.1,-48,2437,100,AP-C2-3F-03
3,ao,-76,-76,2437,9,AP-C2-4F-02
3,ao,-73.72151899,-74,2437,79,AP-C2-4F-03
3,ao,-83.54901961,-84,2437,51,AP-C3-2F-03
3,ao,-81,-81,2437,28,AP-C3-3F-01
3,ao,-83.5,-83.5,2437,14,AP-C3-3F-02
3,ao,-61.46153846,-61,2437,91,AP-C3-3F-03
3,ao,-83,-83,2437,14,AP-C3-4F-02
3,ao,-84.45454545,-84,5180,77,AP-C2-2F-03
3,ao,-85.37931034,-85,5180,58,AP-C2-3F-01
3,ao,-82.45833333,-84,5180,72,AP-C2-3F-02
3,ao,-57.8,-57,5180,100,AP-C2-3F-03
3,ao,-89.14285714,-89,5180,49,AP-C2-4F-03
3,ao,-85.83544304,-86,5180,79,AP-C3-3F-01
3,ao,-86.2,-87,5180,65,AP-C3-3F-02
3,ao,-81,-80.5,5180,56,AP-C3-3F-03
3,ap,-81.75,-81.5,2437,28,AP-C-3F-01
3,ap,-88,-88,2437,2,AP-C2-2F-01
3,ap,-86.5,-87,2437,56,AP-C2-2F-02
3,ap,-75.80555556,-76,2437,72,AP-C2-2F-03
3,ap,-73.75,-76,2437,56,AP-C2-3F-01
3,ap,-68.66666667,-69,2437,72,AP-C2-3F-02
3,ap,-60.68817204,-60,2437,93,AP-C2-3F-03
3,ap,-83.83333333,-83.5,2437,42,AP-C2-4F-03
3,ap,-84.125,-85,2437,16,AP-C2-5F-03
3,ap,-66.69892473,-67,2437,93,AP-C3-2F-03
3,ap,-81.16666667,-80,2437,42,AP-C3-3F-01
3,ap,-80.48275862,-81,2437,58,AP-C3-3F-02
3,ap,-59.19,-60,2437,100,AP-C3-3F-03
3,ap,-83.66666667,-84,2437,42,AP-C3-4F-02
3,ap,-89.11111111,-89,5180,63,AP-C2-2F-03
3,ap,-86.93103448,-87,5180,58,AP-C2-3F-01
3,ap,-81.16666667,-81.5,5180,84,AP-C2-3F-02
3,ap,-70.07526882,-70,5180,93,AP-C2-3F-03
3,ap,-89.91304348,-91,5180,23,AP-C3-3F-01
3,ap,-85.24137931,-85,5180,58,AP-C3-3F-02
3,ap,-74.22093023,-73,5180,86,AP-C3-3F-03
3,aq,-80.86363636,-80,2437,44,AP-C-3F-01
3,aq,-85.58823529,-86,2437,51,AP-C2-2F-02
3,aq,-77.44444444,-77,2437,63,AP-C2-2F-03
3,aq,-72.39240506,-73,2437,79,AP-C2-3F-01
3,aq,-76.48611111,-76,2437,72,AP-C2-3F-02
3,aq,-60.33,-60,2437,100,AP-C2-3F-03
3,aq,-85,-85,2437,7,AP-C2-4F-01
3,aq,-85.5,-85.5,2437,14,AP-C2-4F-02
3,aq,-79.9137931,-79,2437,58,AP-C2-4F-03
3,aq,-86.4375,-86,2437,16,AP-C3-2F-02
3,aq,-67.84,-67,2437,100,AP-C3-2F-03
3,aq,-71.92307692,-72,2437,91,AP-C3-3F-01
3,aq,-80.6,-80,2437,65,AP-C3-3F-02
3,aq,-57.42,-57,2437,100,AP-C3-3F-03
3,aq,-91,-91,5180,7,AP-C2-2F-03
3,aq,-88.5,-88.5,5180,14,AP-C2-3F-01
3,aq,-84.09230769,-84,5180,65,AP-C2-3F-02
3,aq,-75.24050633,-75,5180,79,AP-C2-3F-03
3,aq,-87.13924051,-87,5180,79,AP-C3-2F-03
3,aq,-82.94936709,-82,5180,79,AP-C3-3F-01
3,aq,-85.64615385,-86,5180,65,AP-C3-3F-02
3,aq,-73.01,-74,5180,100,AP-C3-3F-03
3,ar,-83.25,-84,2437,28,AP-C-3F-01
3,ar,-76.60344828,-76,2437,58,AP-C2-2F-03
3,ar,-77.71428571,-77,2437,49,AP-C2-3F-01
3,ar,-76.14285714,-76,2437,49,AP-C2-3F-02
3,ar,-63.02,-63,2437,100,AP-C2-3F-03
3,ar,-76.1,-76,2437,70,AP-C2-4F-03
3,ar,-86.5,-86.5,2437,14,AP-C3-1F-02
3,ar,-66.93,-67,2437,100,AP-C3-2F-03
3,ar,-79.27586207,-80,2437,58,AP-C3-3F-01
3,ar,-70.07142857,-71,2437,98,AP-C3-3F-02
3,ar,-47.98,-48,2437,100,AP-C3-3F-03
3,ar,-88,-88,2437,7,AP-C3-4F-01
3,ar,-74.46835443,-74,2437,79,AP-C3-4F-02
3,ar,-91,-91,5180,7,AP-C2-2F-03
3,ar,-88.71428571,-89,5180,49,AP-C2-3F-01
3,ar,-81.23255814,-80,5180,86,AP-C2-3F-02
3,ar,-74.86111111,-75,5180,72,AP-C2-3F-03
3,ar,-86.75268817,-87,5180,93,AP-C3-2F-03
3,ar,-84.72727273,-86,5180,77,AP-C3-3F-01
3,ar,-78.63636364,-78,5180,77,AP-C3-3F-02
3,ar,-65.77,-65,5180,100,AP-C3-3F-03
3,as,-82,-82,2437,7,AP-C-3F-01
3,as,-84,-83,2437,21,AP-C2-2F-02
3,as,-78.86666667,-78,2437,30,AP-C2-2F-03
3,as,-71,-71,2437,63,AP-C2-3F-01
3,as,-73.7,-73,2437,70,AP-C2-3F-02
3,as,-61.58064516,-62,2437,93,AP-C2-3F-03
3,as,-83.5,-83.5,2437,42,AP-C2-4F-01
3,as,-83,-83,2437,7,AP-C2-4F-02
3,as,-74.76666667,-75,2437,30,AP-C2-4F-03
3,as,-86,-86,2437,7,AP-C2-5F-03
3,as,-78.6,-79,2437,35,AP-C3-1F-02
3,as,-78.5,-78.5,2437,14,AP-C3-2F-01
3,as,-71.17241379,-71,2437,58,AP-C3-2F-02
3,as,-57.67,-58,2437,100,AP-C3-2F-03
3,as,-67.46236559,-68,2437,93,AP-C3-3F-01
3,as,-61.47,-61,2437,100,AP-C3-3F-02
3,as,-44.23,-45,2437,100,AP-C3-3F-03
3,as,-85.33333333,-85,2437,21,AP-C3-4F-01
3,as,-68.77419355,-68,2437,93,AP-C3-4F-02
3,as,-83,-83,2437,7,AP-C3-5F-02
3,as,-90,-90,5180,7,AP-C-3F-01
3,as,-90,-90,5180,35,AP-C2-2F-03
3,as,-85.6,-86,5180,35,AP-C2-3F-01
3,as,-69.32,-69,5180,100,AP-C2-3F-02
3,as,-71.86046512,-71,5180,86,AP-C2-3F-03
3,as,-87.83333333,-88,5180,42,AP-C2-4F-03
3,as,-81.5,-81,5180,56,AP-C3-2F-03
3,as,-72.72727273,-72,5180,77,AP-C3-3F-01
3,at,-77.5,-77.5,2437,14,AP-C2-3F-03
3,at,-82,-82,2437,14,AP-C3-1F-02
3,at,-71.05882353,-71,2437,51,AP-C3-2F-01
3,at,-74.39130435,-75,2437,69,AP-C3-2F-02
3,at,-50.21,-50,2437,100,AP-C3-2F-03
3,at,-61.88172043,-62,2437,93,AP-C3-3F-01
3,at,-58.56,-59,2437,100,AP-C3-3F-02
3,at,-48.23,-48,2437,100,AP-C3-3F-03
3,at,-74.2,-75,2437,35,AP-C3-4F-01
3,at,-64.05063291,-64,2437,79,AP-C3-4F-02
3,at,-80.5,-80.5,2437,14,AP-C3-5F-02
3,at,-88.17647059,-89,5180,34,AP-C2-3F-02
3,at,-85.37974684,-86,5180,79,AP-C2-3F-03
3,at,-91,-91,5180,3,AP-C3-2F-02
3,at,-74.75342466,-74,5180,73,AP-C3-2F-03
3,at,-74.52325581,-73,5180,86,AP-C3-3F-01
3,at,-66.59,-67,5180,100,AP-C3-3F-02
3,at,-52.46,-52,5180,100,AP-C3-3F-03
3,au,-82.33333333,-83,2437,21,AP-C2-3F-02
3,au,-77.22727273,-77,2437,22,AP-C2-3F-03
3,au,-76,-76,2437,14,AP-C3-1F-02
3,au,-77.5,-78,2437,42,AP-C3-2F-01
3,au,-75.42,-75,2437,50,AP-C3-2F-02
3,au,-43.83,-44,2437,100,AP-C3-2F-03
3,au,-70.29487179,-70,2437,78,AP-C3-3F-01
3,au,-47.43,-47,2437,100,AP-C3-3F-02
3,au,-40.09,-39,2437,100,AP-C3-3F-03
3,au,-73.52325581,-73.5,2437,86,AP-C3-4F-01
3,au,-60.16,-60,2437,100,AP-C3-4F-02
3,au,-77.83333333,-77,2437,42,AP-C3-5F-02
3,au,-84.01388889,-83.5,5180,72,AP-C2-3F-03
3,au,-92,-92,5180,7,AP-C3-2F-02
3,au,-65.61,-65,5180,100,AP-C3-2F-03
3,au,-73.42307692,-73,5180,78,AP-C3-3F-01
3,au,-70.57,-70.5,5180,100,AP-C3-3F-02
3,au,-50.92,-50.5,5180,100,AP-C3-3F-03
3,au,-90.5,-90.5,5180,14,AP-C3-4F-01
3,au,-83,-83,5180,7,AP-C3-4F-02
3,av,-78,-78,2437,7,AP-C2-3F-03
3,av,-66.66666667,-66,2437,63,AP-C3-1F-02
3,av,-73.5,-73.5,2437,56,AP-C3-2F-01
3,av,-63.15053763,-63,2437,93,AP-C3-2F-02
3,av,-57.64516129,-57,2437,93,AP-C3-2F-03
3,av,-62.56,-62,2437,100,AP-C3-3F-01
3,av,-54.78,-54,2437,100,AP-C3-3F-02
3,av,-46.41,-47,2437,100,AP-C3-3F-03
3,av,-74.55555556,-75,2437,72,AP-C3-4F-01
3,av,-59.28,-59,2437,100,AP-C3-4F-02
3,av,-79.33333333,-80,2437,21,AP-C3-5F-02
3,av,-89,-89,5180,2,AP-C3-2F-01
3,av,-84.39655172,-85,5180,58,AP-C3-2F-02
3,av,-74,-74,5180,77,AP-C3-2F-03
3,av,-69.52,-70,5180,100,AP-C3-3F-01
3,av,-70.94623656,-69,5180,93,AP-C3-3F-02
3,av,-61.14,-61,5180,100,AP-C3-3F-03
3,av,-73.17,-73,5180,100,AP-C3-4F-02
3,aw,-87,-87,2437,7,AP-C2-3F-02
3,aw,-85.5,-85.5,2437,14,AP-C3-1F-01
3,aw,-78,-78,2437,14,AP-C3-1F-02
3,aw,-77.375,-77.5,2437,56,AP-C3-2F-01
3,aw,-73,-73,2437,100,AP-C3-2F-02
3,aw,-61.05,-60,2437,100,AP-C3-2F-03
3,aw,-60.64285714,-60,2437,98,AP-C3-3F-01
3,aw,-48.96,-49,2437,100,AP-C3-3F-02
3,aw,-41.86,-42,2437,100,AP-C3-3F-03
3,aw,-77.43243243,-77,2437,37,AP-C3-4F-01
3,aw,-52.86,-53,2437,100,AP-C3-4F-02
3,aw,-88.33333333,-88,2437,21,AP-C3-5F-01
3,aw,-82.5,-82.5,2437,28,AP-C3-5F-02
3,aw,-89.66666667,-90,5180,21,AP-C2-3F-02
3,aw,-90.42857143,-90,5180,49,AP-C3-1F-02
3,aw,-89.79310345,-90,5180,58,AP-C3-2F-01
3,aw,-81.53488372,-81,5180,86,AP-C3-2F-02
3,aw,-88.51724138,-89,5180,58,AP-C3-2F-03
3,aw,-72.05813953,-71,5180,86,AP-C3-3F-01
3,aw,-64.86,-65,5180,100,AP-C3-3F-02
3,aw,-62.09,-62,5180,100,AP-C3-3F-03
3,aw,-75.02325581,-75,5180,86,AP-C3-4F-02
3,ax,-83,-83,2437,14,AP-C3-1F-01
3,ax,-72.49230769,-72,2437,65,AP-C3-1F-02
3,ax,-77.34722222,-78,2437,72,AP-C3-2F-01
3,ax,-66.38,-67,2437,100,AP-C3-2F-02
3,ax,-68.52777778,-68,2437,72,AP-C3-2F-03
3,ax,-64.88,-65,2437,100,AP-C3-3F-01
3,ax,-38.79,-38,2437,100,AP-C3-3F-02
3,ax,-47.51,-47,2437,100,AP-C3-3F-03
3,ax,-75.05172414,-75,2437,58,AP-C3-4F-01
3,ax,-62.38,-62,2437,100,AP-C3-4F-02
3,ax,-89,-89,2437,28,AP-C3-5F-01
3,ax,-82.6,-82,2437,35,AP-C3-5F-02
3,ax,-89.58823529,-89,5180,51,AP-C3-1F-02
3,ax,-81.05555556,-81,5180,72,AP-C3-2F-02
3,ax,-90,-90,5180,42,AP-C3-2F-03
3,ax,-72.06451613,-71,5180,93,AP-C3-3F-01
3,ax,-65.1,-66,5180,100,AP-C3-3F-02
3,ax,-65.42,-65,5180,100,AP-C3-3F-03
3,ax,-90.47826087,-90,5180,23,AP-C3-4F-01
3,ax,-77.77906977,-78,5180,86,AP-C3-4F-02
3,ay,-85.22222222,-85,2437,9,AP-C2-3F-03
3,ay,-85.5,-85.5,2437,14,AP-C3-1F-01
3,ay,-69.77586207,-71,2437,58,AP-C3-1F-02
3,ay,-75.12790698,-75,2437,86,AP-C3-2F-01
3,ay,-53.35,-53,2437,100,AP-C3-2F-02
3,ay,-69.13,-70,2437,100,AP-C3-2F-03
3,ay,-59.12,-59,2437,100,AP-C3-3F-01
3,ay,-39.84946237,-40,2437,93,AP-C3-3F-02
3,ay,-60.74,-61,2437,100,AP-C3-3F-03
3,ay,-76.56756757,-77,2437,37,AP-C3-4F-01
3,ay,-59.6,-60,2437,100,AP-C3-4F-02
3,ay,-87,-87,2437,35,AP-C3-5F-01
3,ay,-76,-76,2437,7,AP-C3-5F-02
3,ay,-90,-89,5180,37,AP-C3-1F-02
3,ay,-86.22222222,-86,5180,63,AP-C3-2F-01
3,ay,-77.83333333,-78,5180,72,AP-C3-2F-02
3,ay,-89,-89,5180,7,AP-C3-2F-03
3,ay,-69.33,-69,5180,100,AP-C3-3F-01
3,ay,-58.73,-59,5180,100,AP-C3-3F-02
3,ay,-73.37634409,-74,5180,93,AP-C3-3F-03
3,ay,-91.14285714,-91,5180,49,AP-C3-4F-01
3,ay,-78.6,-78.5,5180,70,AP-C3-4F-02
3,az,-88,-88,2437,7,AP-B2-3F-03
3,az,-87,-87,2437,7,AP-C3-1F-01
3,az,-77,-78,2437,21,AP-C3-1F-02
3,az,-67.11827957,-67,2437,93,AP-C3-2F-01
3,az,-55.3655914,-55,2437,93,AP-C3-2F-02
3,az,-75.91304348,-78,2437,23,AP-C3-2F-03
3,az,-54.54,-55,2437,100,AP-C3-3F-01
3,az,-43.40860215,-43,2437,93,AP-C3-3F-02
3,az,-58.72,-59,2437,100,AP-C3-3F-03
3,az,-63.83333333,-64,2437,84,AP-C3-4F-01
3,az,-68.5,-68.5,2437,98,AP-C3-4F-02
3,az,-77.69565217,-78,2437,23,AP-C3-5F-01
3,az,-80,-80,2437,14,AP-C3-5F-02
3,az,-87.41666667,-87,5180,72,AP-C3-2F-01
3,az,-70.97468354,-71,5180,79,AP-C3-2F-02
3,az,-93,-93,5180,7,AP-C3-2F-03
3,az,-70.82,-71,5180,100,AP-C3-3F-01
3,az,-49.86,-50,5180,100,AP-C3-3F-02
3,az,-77.88888889,-78,5180,63,AP-C3-3F-03
3,az,-89.66666667,-90,5180,30,AP-C3-4F-01
3,az,-82.86153846,-83,5180,65,AP-C3-4F-02
3,b,-79,-79,2437,2,AP-C-1F-01
3,b,-69.18987342,-67,2437,79,AP-C-2F-01
3,b,-83.875,-84,2437,56,AP-C-2F-02
3,b,-82,-82,2437,7,AP-C-3F-01
3,b,-41.69,-42,2437,100,AP-C-3F-02
3,b,-51.38,-51,2437,100,AP-C-3F-03
3,b,-62.07692308,-61,2437,91,AP-C-3F-04
3,b,-63.52688172,-62,2437,93,AP-C-4F-02
3,b,-73.29166667,-73,2437,72,AP-C-4F-03
3,b,-75.4,-75,2437,35,AP-C-4F-04
3,b,-88,-88,2437,7,AP-C-5F-02
3,b,-73.86206897,-73,2437,58,AP-C-5F-03
3,b,-74.28571429,-75,2437,49,AP-C1-3F-01
3,b,-93,-93,2437,7,AP-C2-3F-01
3,b,-85.94029851,-86,5180,67,AP-C-2F-01
3,b,-47.17,-47,5180,100,AP-C-3F-02
3,b,-67.47222222,-67,5180,72,AP-C-3F-03
3,b,-69.37837838,-69,5180,37,AP-C-3F-04
3,b,-80.1875,-80,5180,16,AP-C-4F-02
3,b,-86.84615385,-87,5180,65,AP-C-4F-03
3,b,-78,-78,5180,21,AP-C1-3F-01
3,ba,-82.22222222,-82,2437,9,AP-C2-3F-03
3,ba,-79.47826087,-79,2437,23,AP-C3-1F-01
3,ba,-74.61363636,-74,2437,44,AP-C3-1F-02
3,ba,-71.40506329,-72,2437,79,AP-C3-2F-01
3,ba,-56.64516129,-57,2437,93,AP-C3-2F-02
3,ba,-81.33333333,-82,2437,21,AP-C3-2F-03
3,ba,-50.14,-50,2437,100,AP-C3-3F-01
3,ba,-53.24,-52,2437,100,AP-C3-3F-02
3,ba,-63.72,-63,2437,100,AP-C3-3F-03
3,ba,-60.93,-61,2437,100,AP-C3-4F-01
3,ba,-71.59,-71,2437,100,AP-C3-4F-02
3,ba,-79,-79,2437,49,AP-C3-5F-01
3,ba,-82.8,-83,2437,35,AP-C3-5F-02
3,ba,-81.31034483,-81,5180,58,AP-C3-2F-01
3,ba,-71.20430108,-71,5180,93,AP-C3-2F-02
3,ba,-64.89,-65,5180,100,AP-C3-3F-01
3,ba,-61.48,-61,5180,100,AP-C3-3F-02
3,ba,-79.375,-80,5180,56,AP-C3-3F-03
3,ba,-83.90769231,-83,5180,65,AP-C3-4F-01
3,ba,-89.33333333,-89,5180,63,AP-C3-4F-02
3,bb,-86,-86,2437,6,AP-B2-3F-03
3,bb,-87.75,-89,2437,12,AP-C2-3F-03
3,bb,-76.41666667,-76,2437,12,AP-C3-1F-01
3,bb,-80.57692308,-80,2437,26,AP-C3-1F-02
3,bb,-57.92,-58,2437,100,AP-C3-2F-01
3,bb,-60.52688172,-60,2437,93,AP-C3-2F-02
3,bb,-86,-86,2437,7,AP-C3-2F-03
3,bb,-46.6,-48,2437,100,AP-C3-3F-01
3,bb,-55.49,-55,2437,100,AP-C3-3F-02
3,bb,-67.99,-67,2437,100,AP-C3-3F-03
3,bb,-69.60215054,-70,2437,93,AP-C3-4F-01
3,bb,-69.77777778,-71,2437,81,AP-C3-4F-02
3,bb,-89,-89,2437,7,AP-C3-5F-01
3,bb,-87.5,-87.5,2437,10,AP-C3-5F-02
3,bb,-78.06818182,-78,5180,88,AP-C3-2F-01
3,bb,-78.68918919,-79,5180,74,AP-C3-2F-02
3,bb,-67.74,-68,5180,100,AP-C3-3F-01
3,bb,-66.66,-66,5180,100,AP-C3-3F-02
3,bb,-75.62025316,-76,5180,79,AP-C3-3F-03
3,bb,-75.25609756,-75,5180,82,AP-C3-4F-01
3,bb,-90.53846154,-90,5180,26,AP-C3-4F-02
3,bc,-77,-77,2437,35,AP-C3-1F-01
3,bc,-81,-81,2437,14,AP-C3-1F-02
3,bc,-59.88,-60,2437,100,AP-C3-2F-01
3,bc,-70.1372549,-70,2437,51,AP-C3-2F-02
3,bc,-85,-85,2437,7,AP-C3-2F-03
3,bc,-43.35,-43,2437,100,AP-C3-3F-01
3,bc,-59,-59,2437,93,AP-C3-3F-02
3,bc,-66.98,-66,2437,100,AP-C3-3F-03
3,bc,-72.32258065,-72,2437,93,AP-C3-4F-01
3,bc,-73.79746835,-74,2437,79,AP-C3-4F-02
3,bc,-64,-64,2437,84,AP-C3-5F-01
3,bc,-79.70689655,-80,5180,58,AP-C3-2F-01
3,bc,-81.40860215,-81,5180,93,AP-C3-2F-02
3,bc,-64.93,-65,5180,100,AP-C3-3F-01
3,bc,-66.05,-66,5180,100,AP-C3-3F-02
3,bc,-79.24418605,-79,5180,86,AP-C3-3F-03
3,bc,-79,-79,5180,63,AP-C3-4F-01
3,bc,-89.03448276,-89,5180,58,AP-C3-4F-02
3,bd,-85.5,-85.5,2437,14,AP-B2-4F-03
3,bd,-78.47727273,-78,2437,44,AP-C3-1F-01
3,bd,-56.4,-56,2437,100,AP-C3-2F-01
3,bd,-73.73611111,-75,2437,72,AP-C3-2F-02
3,bd,-80.53333333,-81,2437,30,AP-C3-2F-03
3,bd,-42.51,-42,2437,100,AP-C3-3F-01
3,bd,-61.17,-61,2437,100,AP-C3-3F-02
3,bd,-63.96774194,-64,2437,93,AP-C3-3F-03
3,bd,-58.30107527,-58,2437,93,AP-C3-4F-01
3,bd,-73.23076923,-73,2437,91,AP-C3-4F-02
3,bd,-71.84482759,-71,2437,58,AP-C3-5F-01
3,bd,-78.23611111,-78,5180,72,AP-C3-2F-01
3,bd,-87.45098039,-87,5180,51,AP-C3-2F-02
3,bd,-57.28,-57,5180,100,AP-C3-3F-01
3,bd,-68.58,-68,5180,100,AP-C3-3F-02
3,bd,-82.23529412,-83,5180,51,AP-C3-3F-03
3,bd,-78.79,-79,5180,100,AP-C3-4F-01
3,bd,-90.66666667,-91,5180,21,AP-C3-4F-02
3,be,-83.5,-83.5,2437,14,AP-B2-3F-03
3,be,-85,-85,2437,7,AP-C2-3F-03
3,be,-60.59,-61,2437,100,AP-C3-2F-01
3,be,-75.80821918,-76,2437,73,AP-C3-2F-02
3,be,-40.31,-39,2437,100,AP-C3-3F-01
3,be,-62.82795699,-63,2437,93,AP-C3-3F-02
3,be,-69.08602151,-69,2437,93,AP-C3-3F-03
3,be,-52.72,-52,2437,100,AP-C3-4F-01
3,be,-74.34722222,-74,2437,72,AP-C3-4F-02
3,be,-71.46,-71,2437,100,AP-C3-5F-01
3,be,-92,-92,5180,3,AP-C2-3F-02
3,be,-91.09090909,-91,5180,55,AP-C3-1F-01
3,be,-69.77,-69,5180,100,AP-C3-2F-01
3,be,-90.10526316,-91,5180,38,AP-C3-2F-02
3,be,-58.7,-58,5180,100,AP-C3-3F-01
3,be,-73.27956989,-73,5180,93,AP-C3-3F-02
3,be,-76.5,-77,5180,72,AP-C3-3F-03
3,be,-80.27848101,-81,5180,79,AP-C3-4F-01
3,bf,-73.49019608,-73,2437,51,AP-C3-1F-01
3,bf,-56.32258065,-56,2437,93,AP-C3-2F-01
3,bf,-68.12903226,-68,2437,93,AP-C3-2F-02
3,bf,-51.2,-50,2437,100,AP-C3-3F-01
3,bf,-64.51612903,-65,2437,93,AP-C3-3F-02
3,bf,-65.3255814,-66,2437,86,AP-C3-3F-03
3,bf,-58.68,-58,2437,100,AP-C3-4F-01
3,bf,-77.55555556,-77,2437,63,AP-C3-4F-02
3,bf,-79.73913043,-79,2437,23,AP-C3-5F-01
3,bf,-87.5,-87.5,2437,14,AP-C3-5F-02
3,bf,-72.8,-73,5180,100,AP-C3-2F-01
3,bf,-92.5,-92.5,5180,14,AP-C3-2F-02
3,bf,-55.42,-55,5180,100,AP-C3-3F-01
3,bf,-68.01,-68,5180,100,AP-C3-3F-02
3,bf,-76.5,-76,5180,56,AP-C3-3F-03
3,bf,-74.69444444,-74,5180,72,AP-C3-4F-01
3,bf,-91.30434783,-92,5180,23,AP-C3-4F-02
3,bg,-83.5,-83.5,2437,28,AP-B2-3F-03
3,bg,-72.33333333,-73,2437,42,AP-C3-1F-01
3,bg,-52.26,-52,2437,100,AP-C3-2F-01
3,bg,-79.55555556,-80,2437,63,AP-C3-2F-02
3,bg,-80.75,-81,2437,28,AP-C3-2F-03
3,bg,-41.54,-41,2437,100,AP-C3-3F-01
3,bg,-60.87,-60,2437,100,AP-C3-3F-02
3,bg,-66.6627907,-66,2437,86,AP-C3-3F-03
3,bg,-60.21,-60,2437,100,AP-C3-4F-01
3,bg,-83.5,-83.5,2437,14,AP-C3-4F-02
3,bg,-79.93055556,-80,2437,72,AP-C3-5F-01
3,bg,-88,-88,2437,14,AP-C3-5F-02
3,bg,-75.57142857,-76,5180,98,AP-C3-2F-01
3,bg,-90.4,-91,5180,35,AP-C3-2F-02
3,bg,-61,-61,5180,100,AP-C3-3F-01
3,bg,-73.3,-73,5180,70,AP-C3-3F-02
3,bg,-81.70833333,-82,5180,72,AP-C3-3F-03
3,bg,-83.25,-84,5180,72,AP-C3-4F-01
3,c,-66.53846154,-67,2437,65,AP-C-2F-01
3,c,-79,-80,2437,21,AP-C-2F-02
3,c,-81.5,-81.5,2437,14,AP-C-3F-01
3,c,-49.47,-49,2437,100,AP-C-3F-02
3,c,-48.75,-48,2437,100,AP-C-3F-03
3,c,-64.63636364,-65,2437,77,AP-C-3F-04
3,c,-65.80555556,-66,2437,72,AP-C-4F-02
3,c,-68.96551724,-69,2437,58,AP-C-4F-03
3,c,-80.5,-80.5,2437,14,AP-C-4F-04
3,c,-77.1875,-77,2437,16,AP-C-5F-02
3,c,-76.04545455,-77,2437,44,AP-C-5F-03
3,c,-80.66666667,-80,2437,9,AP-C1-3F-01
3,c,-89,-89,2437,2,AP-C2-3F-01
3,c,-80.1744186,-80,5180,86,AP-C-2F-01
3,c,-53.9,-53,5180,100,AP-C-3F-02
3,c,-58.87777778,-58,5180,90,AP-C-3F-03
3,c,-72.03,-71,5180,100,AP-C-3F-04
3,c,-79.93055556,-80,5180,72,AP-C-4F-02
3,c,-85.5,-85,5180,72,AP-C-4F-03
3,c,-90.19607843,-90,5180,51,AP-C1-3F-01
3,d,-80,-80,2437,21,AP-C-1F-01
3,d,-56.02702703,-57,2437,37,AP-C-2F-01
3,d,-71.76666667,-71,2437,30,AP-C-2F-02
3,d,-85,-85,2437,14,AP-C-3F-01
3,d,-48.4,-48,2437,100,AP-C-3F-02
3,d,-53.64516129,-54,2437,93,AP-C-3F-03
3,d,-66.77,-67,2437,100,AP-C-3F-04
3,d,-69.3164557,-69,2437,79,AP-C-4F-02
3,d,-65.9,-66,2437,100,AP-C-4F-03
3,d,-78.5,-78.5,2437,28,AP-C-4F-04
3,d,-86,-86,2437,7,AP-C-5F-02
3,d,-77.28571429,-77,2437,49,AP-C-5F-03
3,d,-87.5,-87.5,2437,14,AP-C-5F-04
3,d,-83,-83,2437,7,AP-C1-3F-01
3,d,-74.05376344,-74,5180,93,AP-C-2F-01
3,d,-92,-92,5180,7,AP-C-2F-02
3,d,-68.63,-68,5180,100,AP-C-3F-02
3,d,-60.03,-60,5180,100,AP-C-3F-03
3,d,-79.06329114,-79,5180,79,AP-C-3F-04
3,d,-86,-86,5180,70,AP-C-4F-02
3,d,-86.04166667,-85,5180,72,AP-C-4F-03
3,e,-63.63,-63,2437,100,AP-C-2F-01
3,e,-76.42857143,-76,2437,49,AP-C-2F-02
3,e,-53.79,-54,2437,100,AP-C-3F-02
3,e,-49.46236559,-50,2437,93,AP-C-3F-03
3,e,-65.64,-66,2437,100,AP-C-3F-04
3,e,-65.33,-64,2437,100,AP-C-4F-02
3,e,-65.57142857,-66.5,2437,98,AP-C-4F-03
3,e,-74.58823529,-73,2437,51,AP-C-4F-04
3,e,-76.25,-76,2437,28,AP-C-5F-03
3,e,-82,-82,2437,7,AP-C-5F-04
3,e,-84.5,-84.5,2437,14,AP-C2-3F-01
3,e,-70,-70,5180,100,AP-C-2F-01
3,e,-66.32258065,-66,5180,93,AP-C-3F-02
3,e,-55.37,-56,5180,100,AP-C-3F-03
3,e,-71.79,-72,5180,100,AP-C-3F-04
3,e,-88.81081081,-88,5180,37,AP-C-4F-02
3,e,-85.18055556,-86,5180,72,AP-C-4F-03
3,f,-72,-72,2437,21,AP-C-1F-01
3,f,-62.34883721,-62,2437,86,AP-C-2F-01
3,f,-68.64615385,-69,2437,65,AP-C-2F-02
3,f,-78,-78,2437,14,AP-C-3F-01
3,f,-57.51162791,-57,2437,86,AP-C-3F-02
3,f,-40.69892473,-41,2437,93,AP-C-3F-03
3,f,-56.67741935,-56,2437,93,AP-C-3F-04
3,f,-66.88888889,-66,2437,63,AP-C-4F-02
3,f,-61.87209302,-62,2437,86,AP-C-4F-03
3,f,-69.62025316,-70,2437,79,AP-C-4F-04
3,f,-83,-83,2437,7,AP-C-5F-02
3,f,-83,-83,2437,7,AP-C-5F-03
3,f,-86.33333333,-86,5180,21,AP-C-2F-01
3,f,-87.23333333,-88,5180,30,AP-C-2F-02
3,f,-67.81818182,-68,5180,77,AP-C-3F-02
3,f,-50.23076923,-49,5180,91,AP-C-3F-03
3,f,-74.28571429,-75,5180,49,AP-C-3F-04
3,f,-92,-92,5180,14,AP-C-4F-02
3,f,-74.69620253,-75,5180,79,AP-C-4F-03
3,g,-77.2,-77,2437,35,AP-C-1F-01
3,g,-66.61538462,-66,2437,91,AP-C-2F-01
3,g,-73.93548387,-74,2437,93,AP-C-2F-02
3,g,-81.5,-81.5,2437,14,AP-C-3F-01
3,g,-64.78481013,-64,2437,79,AP-C-3F-02
3,g,-36.42,-37,2437,100,AP-C-3F-03
3,g,-56.05,-56,2437,100,AP-C-3F-04
3,g,-71.24615385,-71,2437,65,AP-C-4F-02
3,g,-57.71,-59,2437,100,AP-C-4F-03
3,g,-73.07526882,-73,2437,93,AP-C-4F-04
3,g,-89,-89,2437,7,AP-C-5F-02
3,g,-77,-79,2437,35,AP-C-5F-03
3,g,-86.33333333,-86.5,5180,42,AP-C-2F-01
3,g,-82.84615385,-83,5180,65,AP-C-2F-02
3,g,-71.38372093,-71,5180,86,AP-C-3F-02
3,g,-52.75268817,-52,5180,93,AP-C-3F-03
3,g,-69.64516129,-70,5180,93,AP-C-3F-04
3,g,-85.2,-86,5180,35,AP-C-4F-03
3,h,-62.37209302,-62,2437,86,AP-C-1F-01
3,h,-69.64705882,-70,2437,51,AP-C-2F-01
3,h,-61.35714286,-60.5,2437,98,AP-C-2F-02
3,h,-77,-77,2437,7,AP-C-3F-01
3,h,-67.57142857,-67,2437,49,AP-C-3F-02
3,h,-51.05,-51,2437,100,AP-C-3F-03
3,h,-54.59,-54,2437,100,AP-C-3F-04
3,h,-79.2,-79,2437,35,AP-C-4F-02
3,h,-65.37974684,-65,2437,79,AP-C-4F-03
3,h,-73.33,-74,2437,100,AP-C-4F-04
3,h,-80,-80,2437,7,AP-C-5F-03
3,h,-81,-81,2437,14,AP-C-5F-04
3,h,-89,-89,2437,7,AP-C2-3F-01
3,h,-89.64864865,-90,5180,37,AP-C-1F-01
3,h,-88.42857143,-89,5180,49,AP-C-2F-01
3,h,-79.77777778,-80,5180,63,AP-C-2F-02
3,h,-71.24050633,-72,5180,79,AP-C-3F-02
3,h,-56.95,-56,5180,100,AP-C-3F-03
3,h,-71.41935484,-71,5180,93,AP-C-3F-04
3,h,-84.72972973,-85,5180,37,AP-C-4F-03
3,i,-69.88888889,-70,2437,63,AP-C-1F-01
3,i,-78.25,-78,2437,28,AP-C-2F-01
3,i,-60.38461538,-60,2437,91,AP-C-2F-02
3,i,-83,-83,2437,7,AP-C-3F-01
3,i,-66.67241379,-67,2437,58,AP-C-3F-02
3,i,-57.31,-57,2437,100,AP-C-3F-03
3,i,-47.39,-47,2437,100,AP-C-3F-04
3,i,-74.16666667,-73,2437,42,AP-C-4F-02
3,i,-68.57142857,-68,2437,49,AP-C-4F-03
3,i,-67.7311828,-68,2437,93,AP-C-4F-04
3,i,-84.5,-84.5,2437,14,AP-C-5F-03
3,i,-83,-83,2437,7,AP-C-5F-04
3,i,-89.26582278,-89,5180,79,AP-C-1F-01
3,i,-92,-92,5180,7,AP-C-2F-01
3,i,-79.38636364,-80,5180,44,AP-C-2F-02
3,i,-74.88888889,-74,5180,72,AP-C-3F-02
3,i,-65.19,-65,5180,100,AP-C-3F-03
3,i,-66.94186047,-67,5180,86,AP-C-3F-04
3,i,-86.46153846,-87,5180,91,AP-C-4F-03
3,i,-85.88235294,-86,5180,51,AP-C-4F-04
3,j,-75.04545455,-76,2437,22,AP-C-1F-01
3,j,-78.08695652,-78,2437,23,AP-C-2F-01
3,j,-51.83544304,-51,2437,79,AP-C-2F-02
3,j,-79.06666667,-80,2437,15,AP-C-3F-01
3,j,-74.37209302,-76,2437,43,AP-C-3F-02
3,j,-66.91397849,-68,2437,93,AP-C-3F-03
3,j,-47.35,-47.5,2437,100,AP-C-3F-04
3,j,-82.04545455,-82,2437,22,AP-C-4F-02
3,j,-69.875,-69.5,2437,72,AP-C-4F-03
3,j,-63.65,-63,2437,100,AP-C-4F-04
3,j,-81.04,-81,2437,50,AP-C-5F-04
3,j,-83,-83,2437,7,AP-C2-3F-01
3,j,-90,-90,5180,7,AP-C-2F-01
3,j,-71.07526882,-71,5180,93,AP-C-2F-02
3,j,-76.59459459,-74,5180,37,AP-C-3F-02
3,j,-70.90769231,-70,5180,65,AP-C-3F-03
3,j,-67.39,-67,5180,100,AP-C-3F-04
3,j,-83.5,-83.5,5180,28,AP-C-4F-04
3,k,-80.6,-80,2437,35,AP-C-1F-01
3,k,-79.63636364,-79,2437,44,AP-C-2F-01
3,k,-47.70833333,-48,2437,72,AP-C-2F-02
3,k,-80,-80,2437,7,AP-C-3F-01
3,k,-76.375,-75,2437,56,AP-C-3F-02
3,k,-64.23255814,-64,2437,86,AP-C-3F-03
3,k,-49.49,-51,2437,100,AP-C-3F-04
3,k,-85,-85,2437,7,AP-C-4F-02
3,k,-80.27272727,-80,2437,44,AP-C-4F-03
3,k,-58.44,-59,2437,100,AP-C-4F-04
3,k,-78,-78,2437,14,AP-C-5F-04
3,k,-88.26086957,-88,2437,23,AP-C-6F-04
3,k,-87,-87,2437,7,AP-C2-3F-01
3,k,-86,-86,2437,9,AP-C-4F-01
3,k,-70.09,-70,5180,100,AP-C-2F-02
3,k,-74.16666667,-75,5180,84,AP-C-3F-02
3,k,-71.80645161,-72,5180,93,AP-C-3F-03
3,k,-62.99,-63,5180,100,AP-C-3F-04
3,k,-92,-92,5180,7,AP-C-4F-03
3,k,-74.50537634,-74,5180,93,AP-C-4F-04
3,l,-81.4,-81,2437,35,AP-C-1F-01
3,l,-86.3125,-85,2437,32,AP-C-2F-01
3,l,-61.97849462,-62,2437,93,AP-C-2F-02
3,l,-67.96923077,-68,2437,65,AP-C-3F-01
3,l,-71.91139241,-72,2437,79,AP-C-3F-02
3,l,-61.2688172,-60,2437,93,AP-C-3F-03
3,l,-38.79,-38,2437,100,AP-C-3F-04
3,l,-86,-86,2437,14,AP-C-4F-02
3,l,-82.84210526,-81,2437,19,AP-C-4F-03
3,l,-62.7,-63,2437,100,AP-C-4F-04
3,l,-75.5625,-75,2437,32,AP-C-5F-04
3,l,-88,-88,2437,14,AP-C-4F-01
3,l,-82.18666667,-82,5180,75,AP-C-2F-02
3,l,-86.83333333,-88,5180,18,AP-C-3F-01
3,l,-77.79746835,-77,5180,79,AP-C-3F-02
3,l,-78.98734177,-78,5180,79,AP-C-3F-03
3,l,-51.19,-51,5180,100,AP-C-3F-04
3,l,-73.52688172,-73,5180,93,AP-C-4F-04
3,m,-67.48837209,-67,2437,86,AP-C-2F-02
3,m,-66.45454545,-67,2437,77,AP-C-3F-01
3,m,-71.79310345,-73,2437,58,AP-C-3F-02
3,m,-75.37974684,-74,2437,79,AP-C-3F-03
3,m,-43.38,-42,2437,100,AP-C-3F-04
3,m,-87,-87,2437,16,AP-C-4F-02
3,m,-77.66666667,-77,2437,21,AP-C-4F-03
3,m,-61.59139785,-62,2437,93,AP-C-4F-04
3,m,-84.16666667,-85,2437,42,AP-C-5F-04
3,m,-80.66666667,-81,2437,21,AP-C2-3F-01
3,m,-85,-85,2437,7,AP-C-4F-01
3,m,-86.89230769,-87,5180,65,AP-C-2F-02
3,m,-84.77777778,-84,5180,72,AP-C-3F-01
3,m,-82.125,-82.5,5180,56,AP-C-3F-02
3,m,-76.72727273,-76,5180,77,AP-C-3F-03
3,m,-56.72043011,-57,5180,93,AP-C-3F-04
3,m,-77.125,-77,5180,56,AP-C-4F-04
3,m,-90.5,-90.5,5180,42,AP-C2-3F-01
3,n,-71.3442623,-69,2437,61,AP-C-2F-02
3,n,-72.64583333,-72,2437,96,AP-C-3F-01
3,n,-79.175,-79,2437,40,AP-C-3F-02
3,n,-76.5,-77.5,2437,42,AP-C-3F-03
3,n,-45.26,-45,2437,100,AP-C-3F-04
3,n,-92,-92,2437,7,AP-C-4F-02
3,n,-84.63636364,-85,2437,11,AP-C-4F-03
3,n,-67.24731183,-67,2437,93,AP-C-4F-04
3,n,-80.31944444,-80,2437,72,AP-C-5F-04
3,n,-81.75,-81.5,2437,28,AP-C2-3F-01
3,n,-90.83333333,-91,5180,72,AP-C-2F-02
3,n,-82.06666667,-82,5180,60,AP-C-3F-01
3,n,-80.90277778,-81,5180,72,AP-C-3F-02
3,n,-80.66666667,-81,5180,6,AP-C-3F-03
3,n,-69.38961039,-70,5180,77,AP-C-3F-04
3,n,-85.01162791,-85,5180,86,AP-C-4F-04
3,n,-90.2962963,-90,5180,54,AP-C2-3F-01
3,o,-84.5,-84.5,2437,14,AP-C-2F-01
3,o,-81.57142857,-81,2437,49,AP-C-2F-02
3,o,-61.69,-62,2437,100,AP-C-3F-01
3,o,-66.47,-66,2437,100,AP-C-3F-02
3,o,-69.91,-69,2437,100,AP-C-3F-03
3,o,-55.99,-56,2437,100,AP-C-3F-04
3,o,-85.5,-85.5,2437,42,AP-C-4F-02
3,o,-82,-82,2437,28,AP-C-4F-03
3,o,-70.31,-70,2437,100,AP-C-4F-04
3,o,-80.57142857,-80,2437,49,AP-C-5F-04
3,o,-73.16666667,-73.5,2437,42,AP-C2-3F-01
3,o,-79,-79,2437,7,AP-C-4F-01
3,o,-92,-92,5180,7,AP-C-2F-02
3,o,-77.3,-77.5,5180,70,AP-C-3F-01
3,o,-80.15909091,-80,5180,44,AP-C-3F-02
3,o,-82,-82,5180,72,AP-C-3F-03
3,o,-67.5,-68,5180,100,AP-C-3F-04
3,o,-88.56756757,-89,5180,37,AP-C-4F-04
3,o,-87.58333333,-88,5180,72,AP-C2-3F-01
3,o,-91,-91,5180,7,AP-C2-3F-02
3,o,-90.18461538,-91,5180,65,AP-C2-3F-03
3,p,-89,-89,2437,7,AP-C-2F-01
3,p,-81.8,-82,2437,35,AP-C-2F-02
3,p,-59.31,-59,2437,100,AP-C-3F-01
3,p,-70.06329114,-70,2437,79,AP-C-3F-02
3,p,-78.1744186,-77,2437,86,AP-C-3F-03
3,p,-62.68,-62,2437,100,AP-C-3F-04
3,p,-66,-66,2437,100,AP-C-4F-04
3,p,-77.5,-77.5,2437,14,AP-C-5F-04
3,p,-74.47692308,-75,2437,65,AP-C2-3F-01
3,p,-86,-86,2437,7,AP-C2-3F-03
3,p,-77.5,-77.5,2437,14,AP-C-4F-01
3,p,-77.41538462,-77,5180,65,AP-C-3F-01
3,p,-86,-86,5180,50,AP-C-3F-02
3,p,-84.96923077,-85,5180,65,AP-C-3F-03
3,p,-72.79,-72,5180,100,AP-C-3F-04
3,p,-87,-87,5180,7,AP-C-4F-04
3,p,-73.16,-74,5180,100,AP-C2-3F-01
3,p,-90,-90,5180,16,AP-C2-3F-02
3,q,-77.70212766,-78,2437,47,AP-C-2F-02
3,q,-69.20454545,-69,2437,44,AP-C-3F-01
3,q,-67.46511628,-67,2437,86,AP-C-3F-02
3,q,-67.53763441,-68,2437,93,AP-C-3F-03
3,q,-57.93548387,-59,2437,93,AP-C-3F-04
3,q,-67.41666667,-66,2437,72,AP-C-4F-04
3,q,-80,-80,2437,14,AP-C-5F-04
3,q,-81.25,-81,2437,28,AP-C2-2F-01
3,q,-81.66666667,-82,2437,21,AP-C2-2F-02
3,q,-86,-86,2437,7,AP-C2-2F-03
3,q,-53.77419355,-55,2437,93,AP-C2-3F-01
3,q,-65.49253731,-67,2437,67,AP-C2-3F-02
3,q,-74.66666667,-75,2437,21,AP-C2-3F-03
3,q,-68.34782609,-69,2437,46,AP-C2-4F-01
3,q,-84,-84,2437,14,AP-C2-4F-02
3,q,-84,-84,2437,14,AP-C2-4F-03
3,q,-83,-83,2437,7,AP-C3-3F-03
3,q,-78.5,-78.5,2437,14,AP-C-4F-01
3,q,-89.4,-89,5180,65,AP-C-2F-02
3,q,-81.19230769,-80,5180,26,AP-C-3F-01
3,q,-65.94,-65,5180,100,AP-C-3F-02
3,q,-72.23,-72,5180,100,AP-C-3F-03
3,q,-64.03,-64,5180,100,AP-C-3F-04
3,q,-66.58064516,-67,5180,93,AP-C2-3F-01
3,q,-81.39344262,-81,5180,61,AP-C2-3F-02
3,q,-85.73333333,-86,5180,75,AP-C2-3F-03
3,r,-70.19318182,-70,2437,88,AP-C-2F-02
3,r,-67.97222222,-68,2437,72,AP-C-3F-01
3,r,-83,-83,2437,7,AP-C-3F-02
3,r,-82.15517241,-83,2437,58,AP-C-3F-03
3,r,-60.38,-60,2437,100,AP-C-3F-04
3,r,-86,-86,2437,7,AP-C-4F-03
3,r,-66.53488372,-66,2437,86,AP-C-4F-04
3,r,-86,-86,2437,7,AP-C-5F-04
3,r,-78.76923077,-79,2437,26,AP-C2-2F-01
3,r,-77.79310345,-78,2437,58,AP-C2-2F-02
3,r,-54.66,-54,2437,100,AP-C2-3F-01
3,r,-63.2688172,-63,2437,93,AP-C2-3F-02
3,r,-69.24418605,-69,2437,86,AP-C2-3F-03
3,r,-72.64150943,-72,2437,53,AP-C2-4F-01
3,r,-86,-86,2437,7,AP-C2-4F-02
3,r,-88,-88,2437,7,AP-C3-3F-01
3,r,-84.5,-84.5,2437,14,AP-C3-3F-03
3,r,-83.09090909,-85,5180,44,AP-C-3F-01
3,r,-80.37974684,-80,5180,79,AP-C-3F-02
3,r,-86.1,-86,5180,70,AP-C-3F-03
3,r,-65.52040816,-65,5180,98,AP-C-3F-04
3,r,-88.68181818,-89,5180,44,AP-C-4F-04
3,r,-65.88,-66,5180,100,AP-C2-3F-01
3,r,-78.58441558,-78,5180,77,AP-C2-3F-02
3,s,-60.84,-61,2437,100,AP-C-3F-01
3,s,-83,-83,2437,14,AP-C-3F-04
3,s,-75,-75,2437,91,AP-C2-2F-01
3,s,-76.0862069,-76,2437,58,AP-C2-2F-02
3,s,-83,-83,2437,14,AP-C2-2F-03
3,s,-51.20430108,-51,2437,93,AP-C2-3F-01
3,s,-62.32,-63,2437,100,AP-C2-3F-02
3,s,-64.05,-64,2437,100,AP-C2-3F-03
3,s,-81.125,-81,2437,56,AP-C2-4F-01
3,s,-82,-82,2437,2,AP-C2-4F-02
3,s,-89,-89,2437,7,AP-C2-4F-03
3,s,-87,-87,2437,7,AP-C3-3F-01
3,s,-89.30434783,-89,5180,23,AP-C-3F-01
3,s,-87.0625,-88,5180,16,AP-C-3F-04
3,s,-65.61403509,-65,5180,57,AP-C2-3F-01
3,s,-77.4137931,-77,5180,58,AP-C2-3F-02
3,s,-84.83333333,-84.5,5180,84,AP-C2-3F-03
3,t,-70.61538462,-71,2437,91,AP-C-3F-01
3,t,-85.75,-86,2437,28,AP-C-3F-04
3,t,-84,-84,2437,7,AP-C2-1F-01
3,t,-77.10465116,-78,2437,86,AP-C2-2F-01
3,t,-80.75,-81,2437,28,AP-C2-2F-02
3,t,-86,-86,2437,7,AP-C2-2F-03
3,t,-47.22,-47,2437,100,AP-C2-3F-01
3,t,-60.47,-60,2437,100,AP-C2-3F-02
3,t,-63.71428571,-64,2437,98,AP-C2-3F-03
3,t,-74.93442623,-75,2437,61,AP-C2-4F-01
3,t,-82.26923077,-82,2437,26,AP-C2-4F-02
3,t,-80.82352941,-80,2437,34,AP-C2-4F-03
3,t,-89.36363636,-89,5180,11,AP-C-3F-01
3,t,-89.66666667,-89,5180,21,AP-C-3F-04
3,t,-90.25,-90.5,5180,28,AP-C2-2F-01
3,t,-64.83,-65,5180,100,AP-C2-3F-01
3,t,-76.16666667,-76.5,5180,84,AP-C2-3F-02
3,t,-81.91666667,-82,5180,84,AP-C2-3F-03
3,u,-74,-74,2437,42,AP-C-3F-01
3,u,-82.2,-83,2437,35,AP-C-3F-04
3,u,-77.66666667,-77.5,2437,42,AP-C2-1F-01
3,u,-68.14,-68,2437,100,AP-C2-2F-01
3,u,-70.15189873,-70,2437,79,AP-C2-2F-02
3,u,-79.63333333,-79,2437,30,AP-C2-2F-03
3,u,-47.72,-47,2437,100,AP-C2-3F-01
3,u,-67.84,-67,2437,100,AP-C2-3F-02
3,u,-64.91860465,-65,2437,86,AP-C2-3F-03
3,u,-69.86111111,-70,2437,72,AP-C2-4F-01
3,u,-76.19354839,-75,2437,31,AP-C2-4F-02
3,u,-80.66666667,-82,2437,15,AP-C2-4F-03
3,u,-86,-86,2437,2,AP-C2-5F-02
3,u,-87,-87,5180,7,AP-C-3F-01
3,u,-87.43103448,-88,5180,58,AP-C2-2F-01
3,u,-60.51,-60,5180,100,AP-C2-3F-01
3,u,-81.32911392,-81,5180,79,AP-C2-3F-02
3,u,-84.36363636,-84,5180,77,AP-C2-3F-03
3,u,-90,-90,5180,7,AP-C2-4F-01
3,v,-75.5,-75.5,2437,14,AP-C-3F-01
3,v,-82,-82,2437,7,AP-C2-1F-01
3,v,-67.58139535,-68,2437,86,AP-C2-2F-01
3,v,-77.9,-78,2437,70,AP-C2-2F-02
3,v,-77.078125,-77,2437,64,AP-C2-2F-03
3,v,-51.58,-51.5,2437,100,AP-C2-3F-01
3,v,-75.7,-76,2437,100,AP-C2-3F-02
3,v,-70.08333333,-69.5,2437,72,AP-C2-3F-03
3,v,-67.61627907,-68,2437,86,AP-C2-4F-01
3,v,-69.37,-69,2437,100,AP-C2-4F-02
3,v,-82.56756757,-83,2437,37,AP-C2-5F-01
3,v,-83,-83,2437,7,AP-C3-3F-03
3,v,-83.73255814,-83,5180,86,AP-C2-2F-01
3,v,-63.4,-63,5180,100,AP-C2-3F-01
3,v,-75.82795699,-76,5180,93,AP-C2-3F-02
3,v,-79.87341772,-80,5180,79,AP-C2-3F-03
3,v,-90.25,-90.5,5180,28,AP-C2-4F-01
3,v,-91,-91,5180,43,AP-C2-4F-02
3,w,-69.33333333,-69,2437,30,AP-C-3F-01
3,w,-71.12280702,-72,2437,57,AP-C2-1F-01
3,w,-61.01075269,-61,2437,93,AP-C2-2F-01
3,w,-69.26388889,-69,2437,72,AP-C2-2F-02
3,w,-40.09,-39,2437,100,AP-C2-3F-01
3,w,-58.75,-59,2437,100,AP-C2-3F-02
3,w,-62.82795699,-63,2437,93,AP-C2-3F-03
3,w,-73.01960784,-72,2437,51,AP-C2-4F-01
3,w,-77.17204301,-77,2437,93,AP-C2-4F-02
3,w,-82.5,-82.5,2437,28,AP-C2-4F-03
3,w,-75.74418605,-76,2437,43,AP-C2-5F-01
3,w,-76.16666667,-77,2437,36,AP-C2-5F-02
3,w,-81.5,-81.5,2437,14,AP-C3-3F-03
3,w,-81.04705882,-80,5180,85,AP-C2-2F-01
3,w,-51.59,-51,5180,100,AP-C2-3F-01
3,w,-72.94,-73.5,5180,100,AP-C2-3F-02
3,w,-79.13846154,-79,5180,65,AP-C2-3F-03
3,w,-80.27777778,-81,5180,18,AP-C2-4F-01
3,x,-68.86075949,-69,2437,79,AP-C-3F-01
3,x,-77.2,-77,2437,35,AP-C2-1F-01
3,x,-63.46236559,-61,2437,93,AP-C2-2F-01
3,x,-80.42857143,-80,2437,49,AP-C2-2F-02
3,x,-77.30434783,-77,2437,23,AP-C2-2F-03
3,x,-43.92,-43,2437,100,AP-C2-3F-01
3,x,-59.84,-60,2437,100,AP-C2-3F-02
3,x,-62.79,-63,2437,100,AP-C2-3F-03
3,x,-61.07,-61,2437,100,AP-C2-4F-01
3,x,-79.04545455,-79,2437,44,AP-C2-4F-02
3,x,-74.06153846,-74,2437,65,AP-C2-4F-03
3,x,-76.01960784,-76,2437,51,AP-C2-5F-01
3,x,-83.33333333,-83,2437,21,AP-C2-5F-02
3,x,-83,-83,2437,7,AP-C2-6F-01
3,x,-85.44444444,-85,2437,9,AP-C3-3F-01
3,x,-79,-79,2437,7,AP-C3-3F-03
3,x,-90,-90,5180,7,AP-C-3F-01
3,x,-75.70769231,-75,5180,65,AP-C2-2F-01
3,x,-51.94,-52,5180,100,AP-C2-3F-01
3,x,-73.82795699,-74,5180,93,AP-C2-3F-02
3,x,-80.7,-81,5180,10,AP-C2-3F-03
3,y,-71.70454545,-71,2437,44,AP-C-3F-01
3,y,-65.93670886,-66,2437,79,AP-C2-1F-01
3,y,-52.38,-53,2437,100,AP-C2-2F-01
3,y,-70.21538462,-70,2437,65,AP-C2-2F-02
3,y,-76.5,-77,2437,28,AP-C2-2F-03
3,y,-38.4,-39,2437,100,AP-C2-3F-01
3,y,-59.83870968,-60,2437,93,AP-C2-3F-02
3,y,-60.3255814,-61,2437,86,AP-C2-3F-03
3,y,-60.21,-60,2437,100,AP-C2-4F-01
3,y,-71.91666667,-72,2437,72,AP-C2-4F-02
3,y,-74.25,-75,2437,28,AP-C2-4F-03
3,y,-72.97468354,-73,2437,79,AP-C2-5F-01
3,y,-77,-77,2437,7,AP-C2-5F-02
3,y,-82.5,-82.5,2437,14,AP-C2-6F-01
3,y,-88,-88,2437,7,AP-C3-3F-01
3,y,-81,-81,2437,7,AP-C3-3F-03
3,y,-75.83333333,-75.5,5180,84,AP-C2-2F-01
3,y,-91.95454545,-92,5180,44,AP-C2-2F-02
3,y,-55.2688172,-55,5180,93,AP-C2-3F-01
3,y,-70.35483871,-70,5180,93,AP-C2-3F-02
3,y,-73.91860465,-74,5180,86,AP-C2-3F-03
3,y,-85.875,-86,5180,8,AP-C2-4F-01
3,z,-74,-74,2437,14,AP-C-3F-01
3,z,-72.75,-72.5,2437,28,AP-C2-1F-01
3,z,-56.44,-57,2437,100,AP-C2-2F-01
3,z,-69.17204301,-69,2437,93,AP-C2-2F-02
3,z,-76.77777778,-76,2437,27,AP-C2-2F-03
3,z,-39.2,-38,2437,100,AP-C2-3F-01
3,z,-61.05,-60,2437,100,AP-C2-3F-02
3,z,-58.51612903,-58,2437,93,AP-C2-3F-03
3,z,-68.41935484,-67,2437,93,AP-C2-4F-01
3,z,-76.93670886,-76,2437,79,AP-C2-4F-02
3,z,-72.13846154,-72,2437,65,AP-C2-4F-03
3,z,-74.27586207,-75,2437,58,AP-C2-5F-01
3,z,-82,-82,2437,7,AP-C2-5F-02
3,z,-83,-83,2437,7,AP-C2-6F-01
3,z,-82.75,-82.5,2437,28,AP-C3-3F-03
3,z,-66.49,-66,5180,100,AP-C2-2F-01
3,z,-87.45454545,-87,5180,77,AP-C2-2F-02
3,z,-55.3,-55,5180,100,AP-C2-3F-01
3,z,-67.55,-67,5180,100,AP-C2-3F-02
3,z,-72.04,-71,5180,25,AP-C2-3F-03
